{"cameraMode":{"drawMode":0,"name":"Shaded","section":"Shading Mode"},"sceneLighting":false,"audioPlay":false,"sceneViewState":{"m_AlwaysRefresh":false,"showFog":true,"showSkybox":false,"showFlares":true,"showImageEffects":true,"showParticleSystems":true,"showVisualEffectGraphs":true,"m_FxEnabled":false},"in2DMode":false,"pivot":{"x":-10.156148910522461,"y":0.4978119730949402,"z":-1.7881684303283692},"rotation":{"x":0.016408376395702363,"y":-0.10479330271482468,"z":0.0017295348225161434,"w":0.9943600296974182},"size":0.7956383228302002,"orthographic":false}